-- New vendor creature with the entry 50005 and 50006
DELETE from `creature_template` where `entry` in (50005, 50006);
INSERT INTO `creature_template` VALUES (50006, 0, 0, 0, 0, 0, 24919, 0, 0, 0, 'Kaffu', ' Season 6 Arena Weaponry', '', 0, 70, 70, 1, 35, 35, 128, 1, 1.14286, 3, 0, 252, 357, 0, 304, 1, 2000, 0, 1, 512, 2048, 8, 0, 0, 0, 0, 0, 215, 320, 44, 7, 0, 0, 0, 0, 0, 0, 0, 0, 0, 0, 0, 0, 0, 0, 0, 0, 0, 0, 0, 0, 0, 0, '', 0, 3, 1, 1, 1, 1, 0, 0, 0, 0, 0, 0, 0, 0, 1, 0, 0, '', 12340);
INSERT INTO `creature_template` VALUES (50005, 0, 0, 0, 0, 0, 24918, 0, 0, 0, 'Rasarus', ' Season 7 Arena Weaponry', '', 0, 70, 70, 1, 35, 35, 128, 1, 1.14286, 3, 0, 252, 357, 0, 304, 1, 2000, 0, 1, 512, 2048, 8, 0, 0, 0, 0, 0, 215, 320, 44, 7, 0, 0, 0, 0, 0, 0, 0, 0, 0, 0, 0, 0, 0, 0, 0, 0, 0, 0, 0, 0, 0, 0, '', 0, 3, 1, 1, 1, 1, 0, 0, 0, 0, 0, 0, 0, 0, 1, 0, 0, '', 12340);

-- Spawn in the world(stprmwind, orgrimmar and pvp zone)
SET @CGUID := XXXXX;
DELETE FROM `creature` WHERE `id` in (50005, 50006);
INSERT INTO `creature` (`guid`, `id`, `map`, `spawnMask`, `phaseMask`, `modelid`, `equipment_id`, `position_x`, `position_y`, `position_z`, `orientation`, `spawntimesecs`, `spawndist`, `currentwaypoint`, `curhealth`, `curmana`, `MovementType`, `npcflag`, `unit_flags`, `dynamicflags`) VALUES 
(@CGUID+1, 50006, 0, 1, 1, 0, 1, -1818.85, -4164.83, 9.74534, 4.42585, 300, 0, 0, 6986, 0, 0, 0, 0, 0),
(@CGUID+2, 50005, 0, 1, 1, 0, 1, -1822.44, -4164.73, 9.77709, 4.41811, 300, 0, 0, 6986, 0, 0, 0, 0, 0),
(@CGUID+3, 50006, 0, 1, 1, 0, 1, -8765.05, 414.47, 103.921, 3.85482, 300, 0, 0, 6986, 0, 0, 0, 0, 0),
(@CGUID+4, 50005, 0, 1, 1, 0, 1, -8770.82, 422.366, 103.921, 3.89803, 300, 0, 0, 6986, 0, 0, 0, 0, 0),
(@CGUID+5, 50006, 1, 1, 1, 0, 1, 1660.8, -4192.55, 56.3833, 4.45854, 300, 0, 0, 6986, 0, 0, 0, 0, 0),
(@CGUID+6, 50005, 1, 1, 1, 0, 0, 1655.06, -4191.79, 56.3833, 4.6346, 300, 0, 0, 6986, 0, 0, 0, 0, 0);

-- Weapon a7(245) and а6(239)
DELETE from `npc_vendor` where `entry` in (50005, 50006);
INSERT INTO `npc_vendor` (`entry`, `slot`, `item`, `maxcount`, `incrtime`, `ExtendedCost`) VALUES
(50005, 0, 42210, 0, 0, 2439),
(50005, 0, 42229, 0, 0, 2439),
(50005, 0, 42234, 0, 0, 2439),
(50005, 0, 42244, 0, 0, 2439),
(50005, 0, 42250, 0, 0, 2439),
(50005, 0, 42257, 0, 0, 2439),
(50005, 0, 42262, 0, 0, 2439),
(50005, 0, 42267, 0, 0, 2439),
(50005, 0, 42272, 0, 0, 2439),
(50005, 0, 42277, 0, 0, 2439),
(50005, 0, 42282, 0, 0, 2439),
(50005, 0, 42287, 0, 0, 2439),
(50005, 0, 42292, 0, 0, 2439),
(50005, 0, 42319, 0, 0, 2438),
(50005, 0, 42324, 0, 0, 2438),
(50005, 0, 42329, 0, 0, 2438),
(50005, 0, 42334, 0, 0, 2438),
(50005, 0, 42348, 0, 0, 2439),
(50005, 0, 42354, 0, 0, 2439),
(50005, 0, 42366, 0, 0, 2438),
(50005, 0, 42386, 0, 0, 2438),
(50005, 0, 42392, 0, 0, 2438),
(50005, 0, 42483, 0, 0, 2968),
(50005, 0, 42487, 0, 0, 2968),
(50005, 0, 42492, 0, 0, 2968),
(50005, 0, 42498, 0, 0, 2968),
(50005, 0, 42504, 0, 0, 2968),
(50005, 0, 42515, 0, 0, 2968),
(50005, 0, 42521, 0, 0, 2968),
(50005, 0, 42527, 0, 0, 2560),
(50005, 0, 42533, 0, 0, 2560),
(50005, 0, 42539, 0, 0, 2560),
(50005, 0, 42561, 0, 0, 2560),
(50005, 0, 42566, 0, 0, 2560),
(50005, 0, 42572, 0, 0, 2560),
(50005, 0, 42580, 0, 0, 2968),
(50005, 0, 42585, 0, 0, 2968),
(50005, 0, 42591, 0, 0, 2968),
(50005, 0, 42599, 0, 0, 2968),
(50005, 0, 42604, 0, 0, 2968),
(50005, 0, 42609, 0, 0, 2968),
(50005, 0, 42616, 0, 0, 2968),
(50005, 0, 42622, 0, 0, 2968),
(50005, 0, 42854, 0, 0, 2968),
(50005, 0, 44423, 0, 0, 2438),
(50005, 0, 44424, 0, 0, 2438),
(50005, 0, 45706, 0, 0, 2596),
(50005, 0, 49185, 0, 0, 2968),
(50005, 0, 49187, 0, 0, 2560),
(50005, 0, 49189, 0, 0, 2439),
(50006, 0, 45937, 0, 0, 2967),
(50006, 0, 45938, 0, 0, 2967),
(50006, 0, 45939, 0, 0, 2967),
(50006, 0, 45948, 0, 0, 2959),
(50006, 0, 45949, 0, 0, 2959),
(50006, 0, 45950, 0, 0, 2959),
(50006, 0, 45951, 0, 0, 2959),
(50006, 0, 45952, 0, 0, 2959),
(50006, 0, 45953, 0, 0, 2959),
(50006, 0, 45954, 0, 0, 2959),
(50006, 0, 45955, 0, 0, 2959),
(50006, 0, 45956, 0, 0, 2959),
(50006, 0, 45957, 0, 0, 2960),
(50006, 0, 45958, 0, 0, 2960),
(50006, 0, 45959, 0, 0, 2960),
(50006, 0, 45960, 0, 0, 2960),
(50006, 0, 45961, 0, 0, 2958),
(50006, 0, 45962, 0, 0, 2958),
(50006, 0, 45963, 0, 0, 2958),
(50006, 0, 45964, 0, 0, 2958),
(50006, 0, 45965, 0, 0, 2958),
(50006, 0, 45966, 0, 0, 2958),
(50006, 0, 45967, 0, 0, 2958),
(50006, 0, 45968, 0, 0, 2958),
(50006, 0, 45969, 0, 0, 2960),
(50006, 0, 45970, 0, 0, 2960),
(50006, 0, 45971, 0, 0, 2960);
