SET @CGUID := XXXXX;

DELETE FROM `creature` WHERE `guid` BETWEEN @CGUID+1 AND @CGUID+24;
INSERT INTO `creature` (`guid`, `id`, `map`, `spawnMask`, `phaseMask`, `modelid`, `equipment_id`, `position_x`, `position_y`, `position_z`, `orientation`, `spawntimesecs`, `spawndist`, `currentwaypoint`, `curhealth`, `curmana`, `MovementType`, `npcflag`, `unit_flags`, `dynamicflags`) VALUES
(@CGUID+1,27814,0,1,1,0,0,-4843.8,-861.921,501.914,4.87919,600,0,0,2215,0,0,0,0,0),
(@CGUID+2,27813,0,1,1,0,0,-4843.8,-861.921,501.914,4.87919,600,0,0,2215,0,0,0,0,0),
(@CGUID+3,27811,0,1,1,0,0,-4843.8,-861.921,501.914,4.87919,600,0,0,2215,0,0,0,0,0),
(@CGUID+4,27815,0,1,1,0,0,-4843.8,-861.921,501.914,4.87919,600,0,0,2215,0,0,0,0,0),
(@CGUID+5,27817,0,1,1,0,0,-4843.8,-861.921,501.914,4.87919,600,0,0,2215,0,0,0,0,0),
(@CGUID+6,27806,1,1,1,0,0,1475.8,-4210.23,43.1424,4.11898,600,0,0,2215,0,0,0,0,0),
(@CGUID+7,27806,0,1,1,0,0,-4843.8,-861.921,501.914,4.87919,600,0,0,2215,0,0,0,0,0),
(@CGUID+8,27818,0,1,1,0,0,-4843.8,-861.921,501.914,4.87919,600,0,0,2215,0,0,0,0,0),
(@CGUID+9,27819,0,1,1,0,0,-4843.8,-861.921,501.914,4.87919,600,0,0,2215,0,0,0,0,0),
(@CGUID+10,27816,0,1,1,0,0,-4843.8,-861.921,501.914,4.87919,600,0,0,2215,0,0,0,0,0),
(@CGUID+11,27812,0,1,1,0,0,-4843.8,-861.921,501.914,4.87919,600,0,0,2215,0,0,0,0,0),
(@CGUID+12,27820,0,1,1,0,0,-4843.8,-861.921,501.914,4.87919,600,0,0,2215,0,0,0,0,0),
(@CGUID+13,27810,1,1,1,0,0,1475.8,-4210.23,43.1424,4.11898,600,0,0,2215,0,0,0,0,0),
(@CGUID+14,27815,1,1,1,0,0,1475.8,-4210.23,43.1424,4.11898,600,0,0,2215,0,0,0,0,0),
(@CGUID+15,27811,1,1,1,0,0,1475.8,-4210.23,43.1424,4.11898,600,0,0,2215,0,0,0,0,0),
(@CGUID+16,27819,1,1,1,0,0,1475.8,-4210.23,43.1424,4.11898,600,0,0,2215,0,0,0,0,0),
(@CGUID+17,27816,1,1,1,0,0,1475.8,-4210.23,43.1424,4.11898,600,0,0,2215,0,0,0,0,0),
(@CGUID+18,27812,1,1,1,0,0,1475.8,-4210.23,43.1424,4.11898,600,0,0,2215,0,0,0,0,0),
(@CGUID+19,27820,1,1,1,0,0,1475.8,-4210.23,43.1424,4.11898,600,0,0,2215,0,0,0,0,0),
(@CGUID+20,27813,1,1,1,0,0,1475.8,-4210.23,43.1424,4.11898,600,0,0,2215,0,0,0,0,0),
(@CGUID+21,27817,1,1,1,0,0,1475.8,-4210.23,43.1424,4.11898,600,0,0,2215,0,0,0,0,0),
(@CGUID+22,27814,1,1,1,0,0,1475.8,-4210.23,43.1424,4.11898,600,0,0,2215,0,0,0,0,0),
(@CGUID+23,27818,1,1,1,0,0,1475.8,-4210.23,43.1424,4.11898,600,0,0,2215,0,0,0,0,0),
(@CGUID+24,27810,0,1,1,0,0,-4843.8,-861.921,501.914,4.87919,600,0,0,2215,0,0,0,0,0);

DELETE FROM `game_event_creature` WHERE `guid` BETWEEN @CGUID+1 AND @CGUID+24;
INSERT INTO `game_event_creature` (`eventEntry`, `guid`) VALUES
(70,@CGUID+1),
(69,@CGUID+2),
(67,@CGUID+3),
(71,@CGUID+4),
(73,@CGUID+5),
(77,@CGUID+6),
(77,@CGUID+7),
(74,@CGUID+8),
(75,@CGUID+9),
(72,@CGUID+10),
(68,@CGUID+11),
(76,@CGUID+12),
(66,@CGUID+13),
(71,@CGUID+14),
(67,@CGUID+15),
(75,@CGUID+16),
(72,@CGUID+17),
(68,@CGUID+18),
(76,@CGUID+19),
(69,@CGUID+20),
(73,@CGUID+21),
(70,@CGUID+22),
(74,@CGUID+23),
(66,@CGUID+24);

DELETE FROM `creature_template_addon` WHERE `entry` IN (27806,27810,27811,27812,27813,27814,27815,27816,27817,27818,27819,27820);
INSERT INTO `creature_template_addon` (`entry`, `path_id`, `mount`, `bytes1`, `bytes2`, `emote`, `auras`) VALUES
(27806,'0',0,'0',1,0,NULL),
(27810,'0',0,'0',1,0,NULL),
(27811,'0',0,'0',1,0,NULL),
(27812,'0',0,'0',1,0,NULL),
(27813,'0',0,'0',1,0,NULL),
(27814,'0',0,'0',1,0,NULL),
(27815,'0',0,'0',1,0,NULL),
(27816,'0',0,'0',1,0,NULL),
(27817,'0',0,'0',1,0,NULL),
(27818,'0',0,'0',1,0,NULL),
(27819,'0',0,'0',1,0,NULL),
(27820,'0',0,'0',1,0,NULL);

DELETE FROM `npc_vendor` WHERE `entry` IN (27806,27810,27811,27812,27813,27814,27815,27816,27817,27818,27819,27820);
INSERT INTO `npc_vendor` (`entry`, `slot`, `item`, `maxcount`, `incrtime`, `ExtendedCost`) VALUES
(27806,0,37898,0,'0',0),
(27810,0,37899,0,'0',0),
(27811,0,37900,0,'0',0),
(27812,0,37901,0,'0',0),
(27813,0,37902,0,'0',0),
(27814,0,37903,0,'0',0),
(27815,0,37904,0,'0',0),
(27816,0,37905,0,'0',0),
(27817,0,37906,0,'0',0),
(27818,0,37907,0,'0',0),
(27819,0,37908,0,'0',0),
(27820,0,37909,0,'0',0);

DELETE FROM `game_event` WHERE `eventEntry` BETWEEN 66 AND 77;
INSERT INTO `game_event` (`eventEntry`, `start_time`, `end_time`, `occurence`, `length`, `holiday`, `description`, `world_event`, `announce`) VALUES
(77,'2010-01-01 00:01:00','2020-01-31 23:59:00','525600','44640',0,'January',0,2),
(66,'2010-02-01 00:01:00','2020-02-29 23:59:00','525600','40320',0,'February',0,2),
(67,'2010-03-01 00:01:00','2020-03-31 23:59:00','525600','44640',0,'March',0,2),
(68,'2010-04-01 00:01:00','2020-04-30 23:59:00','525600','43200',0,'April',0,2),
(69,'2010-05-01 00:01:00','2020-05-31 23:59:00','525600','44640',0,'May',0,2),
(70,'2010-06-01 00:01:00','2020-06-30 23:59:00','525600','43200',0,'June',0,2),
(71,'2010-07-01 00:01:00','2020-07-31 23:59:00','525600','44640',0,'July',0,2),
(72,'2010-08-01 00:01:00','2020-08-31 23:59:00','525600','44640',0,'August',0,2),
(73,'2010-09-01 00:01:00','2020-09-30 23:59:00','525600','43200',0,'September',0,2),
(74,'2010-10-01 00:01:00','2020-10-31 23:59:00','525600','44640',0,'October',0,2),
(75,'2010-11-01 00:01:00','2020-11-30 23:59:00','525600','43200',0,'November',0,2),
(76,'2010-12-01 00:01:00','2020-12-31 23:59:00','525600','44640',0,'December',0,2);

UPDATE `creature_template` SET `gossip_menu_id`=9549, `npcflag`=129, `faction_A`=35, `faction_H`=35 WHERE `entry` IN (27806,27810,27811,27812,27813,27814,27815,27816,27817,27818,27819,27820);

DELETE FROM `gossip_menu_option` WHERE `menu_id`=9549 AND `id`=0;
INSERT INTO `gossip_menu_option` (`menu_id`,`id`,`option_icon`,`option_text`,`option_id`,`npc_option_npcflag`,`action_menu_id`,`action_poi_id`,`box_coded`,`box_money`,`box_text`) VALUES
(9549,0,1,'I\'d like to buy this month\'s brew.',3,128,0,0,0,0,NULL);

DELETE FROM `conditions` WHERE `SourceTypeOrReferenceId`=15 AND `SourceGroup`=9549 AND `SourceEntry`=0 AND `SourceId`=0 AND `ElseGroup`=0 AND `ConditionTypeOrReference`=17 AND `ConditionTarget`=0 AND `ConditionValue1`=2796 AND `ConditionValue2`=0 AND `ConditionValue3`=0;
INSERT INTO `conditions` (`SourceTypeOrReferenceId`,`SourceGroup`,`SourceEntry`,`SourceId`,`ElseGroup`,`ConditionTypeOrReference`,`ConditionTarget`,`ConditionValue1`,`ConditionValue2`,`ConditionValue3`,`NegativeCondition`,`ErrorType`,`ErrorTextId`,`ScriptName`,`Comment`) VALUES
(15,9549,0,0,0,17,0,2796,0,0,0,0,0,'0','Brew of the month vendor should only sell to members of the club.');